data_publicacao,hora_publicacao_sp,idade_dias_na_coleta,formato,superficie,legenda,link,alcance,visualizacoes,curtidas,comentarios,salvamentos,compartilhamentos,engajamento_total,taxa_engajamento_pct,novos_seguidores,visitas_perfil,tempo_medio_assistido_s,tempo_total_assistido_min,interacoes_reel,data_coleta_utc
2026-07-30,12:21,23.9,Carrossel,Feed,Sua empresa pode vender bem e ainda ficar sem dinheiro no caixa...,https://www.instagram.com/p/DbbAANHlhZC/,42,138,5,0,0,2,7,16.7,4,2,,,7,"2026-08-23T13:09:23Z (importado da planilha Excel existente, não veio de coleta automática)"
2026-07-31,13:05,22.9,Imagem,Feed,Se você começa o dia querendo planejar o crescimento da empresa...,https://www.instagram.com/p/DbdpxOPlqLx/,38,67,7,0,0,6,13,34.2,0,0,,,13,"2026-08-23T13:09:23Z (importado da planilha Excel existente, não veio de coleta automática)"
2026-08-01,10:50,22.0,Imagem,Feed,"Muita equipe comercial parece ocupada, responde rápido...",https://www.instagram.com/p/Dbf_K90OEt0/,41,59,2,0,0,0,2,4.9,0,0,,,2,"2026-08-23T13:09:23Z (importado da planilha Excel existente, não veio de coleta automática)"
2026-08-02,10:06,21.0,Reel,Reels,Gestão comercial também depende de cadência...,https://www.instagram.com/reel/Dbid2zbJYgr/,189,228,7,0,0,0,7,3.7,,,6.2,22.7,7,"2026-08-23T13:09:23Z (importado da planilha Excel existente, não veio de coleta automática)"
2026-08-03,13:47,19.8,Carrossel,Feed,Se a sua equipe termina a reunião semanal com a sensação de cansaço...,https://www.instagram.com/p/Dblc_PhFp0I/,38,69,6,0,0,4,10,26.3,0,3,,,10,"2026-08-23T13:09:23Z (importado da planilha Excel existente, não veio de coleta automática)"
2026-08-04,13:39,18.9,Reel,Reels,Uma reunião de vendas pode parecer excelente...,https://www.instagram.com/reel/Dbn_kQPSQRb/,152,212,10,6,0,4,20,13.2,,,18.7,60.2,20,"2026-08-23T13:09:23Z (importado da planilha Excel existente, não veio de coleta automática)"
2026-08-05,10:03,18.0,Imagem,Feed,,https://www.instagram.com/p/DbqM-QhOkjA/,45,79,3,0,1,1,5,11.1,0,0,,,5,"2026-08-23T13:09:23Z (importado da planilha Excel existente, não veio de coleta automática)"
2026-08-06,11:58,16.9,Carrossel,Feed,,https://www.instagram.com/p/Dbs-2fDFhuT/,39,89,2,0,0,0,2,5.1,0,0,,,2,"2026-08-23T13:09:23Z (importado da planilha Excel existente, não veio de coleta automática)"
2026-08-07,12:02,15.9,Reel,Reels,Por que sua equipe sempre falha na execução de processos complexos?...,https://www.instagram.com/reel/Dbvj_Y-Pois/,197,324,20,5,2,2,29,14.7,,,15.2,63.5,29,"2026-08-23T13:09:23Z (importado da planilha Excel existente, não veio de coleta automática)"
2026-08-10,12:30,12.9,Reel,Reels,O que fazer quando o cliente diz que está caro?...,https://www.instagram.com/reel/Db3VIgBPwLH/,72,90,9,0,0,0,9,12.5,,,11.4,17.5,9,"2026-08-23T13:09:23Z (importado da planilha Excel existente, não veio de coleta automática)"
2026-08-11,11:23,11.9,Carrossel,Feed,Qual a diferença de KPI e Meta?...,https://www.instagram.com/p/Db5y5RZFjNE/,21,42,6,4,0,5,15,71.4,0,0,,,15,"2026-08-23T13:09:23Z (importado da planilha Excel existente, não veio de coleta automática)"
2026-08-11,19:38,11.6,Reel,Reels,Como fazer follow-up de vendas sem incomodar o cliente?...,https://www.instagram.com/reel/Db6qgoyPZt_/,151,176,8,1,0,0,9,6.0,,,7.3,20.2,9,"2026-08-23T13:09:23Z (importado da planilha Excel existente, não veio de coleta automática)"
2026-08-12,10:03,11.0,Reel,Reels,Como reduzir a rotatividade de funcionários na empresa?...,https://www.instagram.com/reel/Db8OC8_yu3P/,152,202,19,2,0,1,24,15.8,,,18.0,51.4,24,"2026-08-23T13:09:23Z (importado da planilha Excel existente, não veio de coleta automática)"
2026-08-13,12:53,9.9,Reel,Reels,Como parar de refazer o trabalho da equipe na minha empresa?...,https://www.instagram.com/reel/Db_EKPwBTYj/,187,254,30,7,0,30,67,35.8,,,11.9,44.6,67,"2026-08-23T13:09:23Z (importado da planilha Excel existente, não veio de coleta automática)"
2026-08-13,16:23,9.7,Carrossel,Feed,,https://www.instagram.com/p/Db_eyP1lv4c/,30,62,3,0,0,0,3,10.0,0,0,,,3,"2026-08-23T13:09:23Z (importado da planilha Excel existente, não veio de coleta automática)"
2026-08-14,06:50,9.1,Reel,Reels,A internet bagunçou a nossa régua de comparação...,https://www.instagram.com/reel/DcBCAPvhb1D/,100,132,6,0,0,0,6,6.0,,,10.6,21.7,6,"2026-08-23T13:09:23Z (importado da planilha Excel existente, não veio de coleta automática)"
2026-08-15,11:22,8.9,Reel,REELS,"Como conciliar trabalho e estudos na rotina?

Pra mim, funciona melhor quando o estudo entra na agenda como parte da vida real, inclusive no sábado. Sem cenário perfeito e, aparentemente, com uma quantidade considerável de café envolvida. ☕️

Quem também está nessa fase de trabalhar, estudar e tentar manter a vida organizada?

Manda esse vídeo pra alguém que também trocou um pedaço do sábado por algumas horas de estudo.

#rotinadeestudos #posgraduacao #empreendedorismo #gestao #rotinaempreendedora",https://www.instagram.com/reel/DcEFknFylFs/,167,227,13,0,1,1,15,9.0,,,10.1,30.8,15,2026-08-24T12:26:01Z
2026-08-15,16:33,8.7,Reel,REELS,"Como saber se minha empresa precisa padronizar processos?

Faça este diagnóstico rápido. Responda SIM ou NÃO para cada pergunta:

Quando alguém falta, alguma atividade importante trava?

Duas pessoas executam a mesma tarefa de maneiras completamente diferentes?

Sua equipe precisa perguntar para você como fazer coisas que já acontecem toda semana?

Quando dá errado, é difícil descobrir em qual etapa o problema começou?

Se você ficar alguns dias longe da operação, sente que precisa continuar disponível para tudo?

0 ou 1 SIM: provavelmente existem pontos específicos para organizar.

2 ou 3 SIM: já vale revisar os processos que mais dependem de pessoas específicas.

4 ou 5 SIM: a falta de padronização provavelmente já está deixando sua empresa dependente demais de você e da memória da equipe.

Comece pelo processo que mais gera dúvida, retrabalho ou interrupção. Documente a sequência, defina quem é responsável e deixe claro qual resultado precisa sair dali.

Quantos “SIM” sua empresa marcou? Comenta o número.

E manda este vídeo para aquele empresário que diz que consegue se afastar da operação, mas continua resolvendo tudo pelo celular.

#gestaodeprocessos #processos #gestaoempresarial #padronizacao #empreendedorismo

@gestaoempraticaoficial",https://www.instagram.com/reel/DcEpQFrMSH3/,169,203,9,0,0,0,10,5.9,,,7.9,23.7,10,2026-08-24T12:26:01Z
2026-08-16,18:58,14.6,Carrossel,FEED,"Quanto mais decisões precisam passar pelo dono, mais difícil fica sair da operação.

Como fazer a empresa funcionar sem depender tanto do dono?

Comece identificando quais decisões, aprovações e problemas ainda chegam até você por falta de processo ou autonomia da equipe. Depois, escolha uma dessas recorrências e defina três coisas: quem decide, qual é o critério e em que situação você realmente precisa ser acionado.

É assim que delegação deixa de ser só “passar tarefa” e começa a virar estrutura de gestão. 

Qual assunto da sua empresa ainda chega em você porque ninguém sabe exatamente quem deveria decidir?

Manda para o empresário que precisa sair da operação sem perder o controle.

#gestão #Empreendedorismo #negocios #Liderança #delegar",https://www.instagram.com/p/DcHe9IqD0l8/,25,67,4,0,0,0,4,16.0,0,1,,,4,2026-08-31T12:27:11Z
2026-08-16,16:44,14.7,Reel,REELS,"Quais relatórios financeiros um empresário precisa acompanhar?

Se você quer começar a organizar a gestão financeira da empresa, dois bons pontos de partida são o DFC e a DRE.

O DFC ajuda a responder: o dinheiro está entrando e saindo de onde?

A DRE ajuda a responder: a operação está realmente gerando resultado?

E tem um detalhe importante: não basta ter esses relatórios salvos no sistema ou receber do contador. Eles precisam virar informação para decisão.

Faça este teste:

Você sabe quanto caixa sua empresa gerou ou consumiu no último mês?

Sabe quais grupos mais pressionaram as saídas de dinheiro?

Sabe qual foi o resultado da empresa no período?

Consegue comparar esse resultado com os meses anteriores?

Usa essas informações antes de decidir contratar, investir ou aumentar despesas?

Se você respondeu “não” para a maioria, talvez o problema não seja falta de números. Pode ser falta de informação financeira estruturada.

Qual dos dois você acompanha melhor hoje: DFC ou DRE?

Manda este vídeo para aquele empresário que ainda tenta entender a empresa olhando só o saldo da conta.

#financeiro #gestaofinanceira #fluxodecaixa #dre #gestaoempresarial",https://www.instagram.com/reel/DcHPfdmP78a/,186,228,5,0,0,0,5,2.7,,,39.6,129.3,5,2026-08-31T12:27:11Z
2026-08-17,09:35,14.0,Reel,REELS,"Como definir as prioridades da semana na gestão sem apagar incêndios?

Se você chega na segunda-feira com uma lista de 20 tarefas e tenta resolver tudo ao mesmo tempo, sua semana já começou errada. 
Na Gestão da Rotina prática, prioridade não é o que dá mais grito no operacional, é o que realmente move o ponteiro do seu negócio. Para parar de improvisar e assumir o controle da sua agenda, aplique esta divisão semanal simples baseada no gerenciamento da rotina: 

- Garantir a Rotina (SDCA): Foque em manter os processos básicos e procedimentos padronizados rodando sem erros para a empresa não parar e não gerar anomalias operacionais. 
- Focar na Melhoria (PDCA): Escolha no máximo 1 ou 2 metas prioritárias na semana para aumentar margem, reduzir custos ou ajustar gargalos que impedem o crescimento. 
- Delegar o Restante: Defina com clareza quem é o responsável único e qual é o prazo final para cada tarefa secundária da equipe. 

Agora, me conta aqui nos comentários quantas ""Urgências"" aparecem por semana na sua empresa.

#prioridades  #rotina  #empresas  #gestao #aprendizado",https://www.instagram.com/reel/DcJC7CtTiKg/,256,378,14,0,0,2,16,6.2,,,12.5,60.5,16,2026-08-31T12:27:11Z
2026-08-18,15:50,12.7,Carrossel,FEED,"Como usar CRM na empresa?

Antes de escolher funcionalidades, vale definir o que o CRM precisa ajudar a empresa a executar e acompanhar na relação com seus clientes. É isso que conecta estratégia comercial, processo e rotina de vendas.

Na sua empresa, o CRM organiza um processo que já existe ou o próprio sistema acabou definindo como o comercial trabalha?

Curtiu?

#crm #gestaodevendas #processo #comercial #empresas",https://www.instagram.com/p/DcMTCWalj8s/,20,37,0,0,1,0,1,5.0,0,0,,,1,2026-08-31T12:27:11Z
2026-08-18,13:38,12.8,Reel,REELS,"Como a Casas Bahia chegou à recuperação judicial mesmo vendendo bilhões?

O caso mostra uma diferença importante entre vender muito e ter uma operação financeiramente saudável.

A Casas Bahia continua funcionando, vendendo e entregando. A recuperação judicial entra justamente como uma tentativa de reorganizar parte das dívidas enquanto a empresa segue operando.

O ponto que merece atenção é que esse problema não nasceu de um único fator. A empresa já vinha reestruturando dívidas desde 2024 e acumulando prejuízos. Com juros altos, a pressão aumenta porque o crédito fica mais caro para o consumidor e também para a própria varejista.

No varejo, isso pesa ainda mais porque existe um descasamento entre pagar e receber. A empresa compra estoque, entrega o produto e muitas vezes recebe a venda ao longo de vários meses.

É aí que faturamento e caixa começam a contar histórias diferentes.

Manda este vídeo para aquele dono de empresa que quer aprender gestão.

#FluxoDeCaixa #CapitalDeGiro #GestaoFinanceira #Varejo #empresas",https://www.instagram.com/reel/DcMDbblMf90/,243,302,15,0,0,1,16,6.6,,,17.2,78.3,16,2026-08-31T12:27:11Z
2026-08-20,18:42,10.6,Reel,REELS,"Tem vendedor que se complica justamente quando o cliente demonstra interesse. 

Como responder quando o cliente tem dúvida na proposta ou acha o preço caro? 

Em vez de se defender ou correr para dar desconto, entenda o que está por trás da objecão. Pergunte, esclareça e mostre valor com sequrança. 

Na sua empresa, seu time sabe conduzir esse tipo de conversa? 

Já manda pra alguém do comercial e siga o canal para aprender sobre negócios com quem trabalha com isso na prática.

#vendas #gestaocomercial #negociação #atendimentoaocliente #vendedor",https://www.instagram.com/reel/DcRrgJloMFU/,120,174,10,6,0,0,16,13.3,,,16.5,35.8,16,2026-08-31T12:27:11Z
2026-08-22,19:50,8.6,Carrossel,FEED,"Processo bom começa antes do documento: começa observando onde a operação perde consistência.

Como padronizar processos na empresa sem criar burocracia? 
Primeiro, acompanhe como a atividade realmente é executada. Depois, registre só o necessário para deixar claro quem faz, qual resultado precisa entregar e quais pontos não podem variar.

Salva aí pra aplicar imediatamente.

#padronizaçãodeprocessos #gestaodeprocessos #donodeempresa #empresario #gestāoempresarial",https://www.instagram.com/p/DcXBqGAjxeH/,17,44,2,0,1,0,3,17.6,0,0,,,3,2026-08-31T12:27:11Z
2026-08-23,19:33,14.6,Reel,REELS,"Quando o dono precisa conferir tudo, o problema pode estar menos na equipe e mais na forma como o controle foi estruturado.

Como fazer a empresa funcionar sem depender do dono o tempo todo? 
Um bom começo é separar o que precisa da sua decisão do que pode seguir por critérios definidos. Acompanhe exceções e resultados, em vez de fiscalizar cada tarefa. Processos, responsabilidades e indicadores claros aumentam a autonomia da operação.

Salva e manda no direct do empresário que ainda precisa falar com você sobre isso.

#dependenciadodono #gestaodeprocesso #donodeempresa #empresario #gestāoempresarial",https://www.instagram.com/reel/DcZkFomPLMA/,163,202,1,0,0,0,1,0.6,,,9.0,26.7,1,2026-09-07T12:21:20Z
2026-08-23,17:02,14.7,Reel,REELS,"O lead pode chegar pronto para comprar e ainda assim morrer no atendimento.

Como evitar perder clientes pelo WhatsApp? 

Além de responder, seu processo comercial precisa identificar a necessidade, registrar o contato e definir o próximo passo quando a venda não acontece na hora.

Na sua empresa, uma conversa sem fechamento vira follow-up ou simplesmente some da tela?

Manda este vídeo no direct pra quem cuida do comercial e precisa revisar como os leads estão sendo atendidos.

#followupdevendas #atendimentocomercial #vendasnowhatsapp #lavajato #gestaocomercial",https://www.instagram.com/reel/DcZSoVbPa9V/,175,212,2,0,0,0,2,1.1,,,10.6,32.9,2,2026-09-07T12:21:20Z
2026-08-25,16:45,12.7,Carrossel,FEED,"Na semana em que o SBT completou 45 anos, revisitamos a trajetória de Silvio Santos. Não pela parte mais contada (camelô que virou apresentador), mas pela mais reveladora.

Em 2010, uma fraude bilionária foi descoberta dentro do Banco PanAmericano, um dos negócios do Grupo Silvio Santos. Pra sustentar a crise, ele colocou o próprio SBT, o Baú da Felicidade e a Jequiti como garantia. E não recuou.

A escala do caso é rara. A dúvida por trás dela, não: será que dá pra continuar depois de quase perder tudo que você construiu?

Silvio perdeu quase tudo numa única crise. Mesmo assim, seguiu construindo depois dela.

A fase mais difícil de construir alguma coisa grande nunca precisa ser a última.

Salva essa publicação pra reler no seu dia mais difícil.
Siga o Entre Gestores e conheça o lado bom de gerir e seus grandes exemplos.

Imagens de uso editorial/reprodução, direitos reservados aos respectivos detentores.",https://www.instagram.com/p/DceaysXj4-1/,48,125,2,0,0,0,2,4.2,0,0,,,2,2026-09-07T12:21:20Z
2026-08-25,15:22,12.7,Reel,REELS,"O próximo cargo começa antes da promoção.

Quem busca “como se tornar gerente?” precisa olhar além da formação técnica. O salto costuma exigir experiência em liderança, visão de negócio, negociação, resolução de conflitos e capacidade de tomar decisões com impacto na empresa.

Qual dessas competências você ainda precisa desenvolver melhor?

Manda para aquele profissional que entrega muito bem tecnicamente e já está de olho no próximo nível.

#gerente #carreira #curriculo #lideranca #curriculoperfeito",https://www.instagram.com/reel/DceRAJxtBN6/,141,165,6,0,0,0,6,4.3,,,5.2,12.9,6,2026-09-07T12:21:20Z
2026-08-25,13:12,12.8,Carrossel,FEED,"Uma meta que parece distante pode estar escondendo um problema bem mais específico dentro do comercial.

Como identificar gargalos no funil de vendas? Compare a taxa de conversão entre as etapas e observe onde as oportunidades ficam paradas por mais tempo. A maior queda mostra onde investigar abordagem, qualificação, proposta ou negociação antes de simplesmente cobrar mais vendas.

Qual etapa do seu pipeline comercial mais preocupa você hoje?

Salva pra levar essa análise à próxima reunião comercial e manda no direct praquele gestor que ainda acompanha só o número total de oportunidades.

#funildevendas #taxadeconversao #vendas #donodeempresa #gestaodevendas",https://www.instagram.com/p/DceCgfCFke_/,19,48,0,0,0,0,0,0.0,0,0,,,0,2026-09-07T12:21:20Z
2026-08-25,10:55,12.9,Reel,REELS,"Tem gestão acontecendo nos detalhes que muita gente trata como “coisa pequena”.

Como melhorar a gestão de um negócio no dia a dia? Comece transformando rotina em informação: registre perdas, acompanhe consumo, deixe padrões visíveis para a equipe e use o histórico de vendas para decidir compras e produção. Controle financeiro, indicadores e processos claros ajudam a transformar esforço em resultado.

E tem algo ainda mais interessante aqui: ver uma empreendedora colocando gestão em prática mostra como organização e estratégia podem sustentar crescimento sem depender só de improviso.

Qual dessas práticas ainda falta colocar de pé na sua empresa?

Salva pra revisar sua operação e manda no direct pra uma empreendedora que vai reconhecer o valor desses detalhes.

#empreendedorismofeminino💁🏻‍♀️ #gestaodeprocessos #gestaodecustos #empreendedora #gestaoempresarial",https://www.instagram.com/reel/Dcdyr2CurMs/,1288,1480,72,5,12,12,102,7.9,,,19.9,440.5,102,2026-09-07T12:21:20Z
2026-08-25,07:34,13.1,Reel,REELS,"Faturamento alto pode esconder um negócio financeiramente frágil.

Quem pensa em abrir uma empresa costuma perguntar: como saber se um negócio realmente dá lucro? 
Antes de olhar apenas para vendas, calcule margem de contribuição, custos fixos, capital preso em estoque e ponto de equilíbrio. É isso que mostra quanto precisa vender antes de começar a ganhar dinheiro de verdade.

Na hora de escolher um negócio, você costuma olhar primeiro para faturamento ou para margem?

Salva pra analisar antes de investir e manda no direct praquele empresário que ainda escolhe negócio olhando só para quanto ele vende.

#margemdelucro #pontodeequilibrio #donodeempresa #empresario #gestaoempresarial",https://www.instagram.com/reel/Dcdba7QBWE1/,179,231,11,0,7,0,18,10.1,,,15.5,49.7,18,2026-09-07T12:21:20Z
2026-08-26,14:55,11.8,Reel,REELS,"Escolher uma dinâmica de grupo sem critério costuma gerar movimento, mas pouco desenvolvimento.

Quem busca como escolher uma dinâmica de grupo para a equipe precisa começar pelas competências que quer trabalhar, como comunicação, colaboração, liderança ou resolução de conflitos. Depois, vale fechar a atividade com perguntas que conectem o que aconteceu ali ao trabalho real do time.

Na sua empresa, as dinâmicas costumam gerar alguma mudança depois da atividade?

Manda este vídeo para aquele líder que precisa escolher a próxima dinâmica com mais intenção.

#dinamicadegrupo #desenvolvimentodeequipes #lideranca #dinâmica #gestaodepessoas",https://www.instagram.com/reel/DcgypWuvhqw/,136,164,5,0,0,0,5,3.7,,,34.5,84.0,5,2026-09-07T12:21:20Z
2026-08-27,15:00,10.8,Reel,REELS,"O viral trouxe a fila. Agora começa a parte mais difícil: fazer essa demanda caber na operação.

Quando uma empresa viraliza, como se preparar para um aumento repentino de clientes? O primeiro passo é descobrir qual recurso vira gargalo antes: equipe, equipamento, estoque ou atendimento. Depois, dimensionar capacidade e margem antes de transformar o pico em estrutura fixa.

Marketing pode multiplicar a procura em horas. A gestão precisa decidir o que fazer com essa procura depois.

Segue o canal para aprender gestão com quem faz na prática. 

#gestaodecapacidade #crescimentodevendas #donodeempresa #empresario #gestaoempresaria",https://www.instagram.com/reel/DcjX1iwBtQo/,916,1016,45,0,3,2,51,5.6,,,24.7,375.1,51,2026-09-07T12:21:20Z
2026-08-26,22:49,11.4,Carrossel,FEED,"Quando Walt Disney começou a desenvolver a Disneyland, a ideia não era simplesmente juntar atrações num terreno.

Ele queria criar uma experiência em que ambiente, histórias e sensação trabalhassem juntos. Tanto que artistas acostumados a construir mundos para o cinema participaram da criação do parque.

A estreia de 1955 esteve longe de ser perfeita. Houve filas, trânsito e problemas de operação. Isso deixa o caso ainda mais interessante: ter uma visão clara não elimina erro de execução. Dá uma direção para corrigir o que não entrega aquela visão.

Na sua empresa, a pergunta é parecida. Se a visão diz uma coisa, mas venda, atendimento e entrega fazem o cliente sentir outra, qual delas ele vai acreditar?

Salve para revisar a experiência que sua empresa entrega. E manda para um empresário que está tentando fazer a visão sair da parede e chegar no cliente.

Imagens de uso editorial/reprodução, direitos reservados aos respectivos detentores.",https://www.instagram.com/p/DchpQralmhj/,39,85,3,0,0,0,3,7.7,0,0,,,3,2026-09-07T12:21:20Z
2026-08-29,07:50,9.1,Carrossel,FEED,"Bianca Andrade começou com vídeos que chegavam a cerca de 300 visualizações. Anos depois, a operação ligada à Boca Rosa registrava faturamento de centenas de milhões.

O salto mais interessante não foi de audiência. Foi de lógica empresarial.

A audiência virou produto. O produto ganhou distribuição. A exposição no BBB foi usada para ampliar o negócio. Depois, mesmo com uma parceria consolidada, Bianca decidiu assumir mais controle e colocou cerca de R$ 30 milhões na nova fase da marca.

A pré-venda trouxe uma primeira validação: R$ 5 milhões em quatro horas e mais de 64 mil itens vendidos. Mas a parte que mais interessa para quem gere uma empresa está na ambição declarada por ela: construir uma Boca Rosa maior que a própria Bianca.

Sua empresa está transformando sua presença em marca, processo e produto ou cada venda nova aumenta a dependência de você?

Salve para revisar essa pergunta com calma.

Imagens de uso editorial/reprodução, direitos reservados aos respectivos detentores.
#bocarosa #empreendedora",https://www.instagram.com/p/Dcnw1AGFt3W/,49,128,0,0,0,0,0,0.0,0,1,,,0,2026-09-07T12:21:20Z
2026-08-30,06:30,8.1,Reel,REELS,"Um avião cheio pode parecer uma máquina de dinheiro. A conta por trás dele é bem mais apertada.

Como uma companhia aérea ganha dinheiro por passageiro? 
A resposta passa por ocupação, yield, custo por assento e eficiência operacional. Não basta vender quase todos os assentos. Cada quilômetro voado carrega combustível, equipe, manutenção, taxas e o custo da própria aeronave.
É por isso que, na aviação, alguns centavos por passageiro e por quilômetro fazem uma diferença enorme quando multiplicados por milhões de passageiros.

Você imaginava que a margem por passageiro pudesse ser tão apertada?

Manda no direct praquele empresário que olha uma operação cheia e já presume que ela está dando muito lucro.

#aviação #custosoperacionais #custos #aviões #gestaodenegocio 

@entregestores",https://www.instagram.com/reel/DcqL5F6Oeqy/,159,203,6,2,0,0,8,5.0,,,9.3,25.8,8,2026-09-07T12:21:20Z
2026-09-01,19:20,12.6,Reel,REELS,"Uma negociação mal conduzida pode custar muito mais do que a diferença entre duas propostas.

O problema começa quando os lados sentam para negociar sem entender os próprios limites e descobrem tarde demais que talvez nem exista acordo possível.

Na sua opinião, o que mais faz uma negociação travar: valor, falta de informação ou falta de alternativas?

#negociacao #gestao #lideranca #empresas #gestaodenegocios",https://www.instagram.com/reel/Dcwt4sMvaFL/,131,164,1,0,0,0,1,0.8,,,9.0,20.9,1,2026-09-14T12:17:21Z
2026-09-01,15:45,12.7,Reel,REELS,"Gestão começa antes do cargo. Começa quando uma decisão sua afeta uma equipe, uma meta, um cliente ou o resultado de uma área.

É por isso que este perfil não é só para dono de empresa, sócio ou diretor. É para quem já carrega responsabilidade e quer aprender a lidar melhor com pessoas, processos, números e decisões.

Se você está crescendo como gestor, esse conteúdo é pra você.

E se conhece alguém que já assumiu responsabilidade de gestão, mesmo sem ter percebido isso ainda, manda este vídeo pra essa pessoa.

#gestao #lideranca #gestores #carreira #tomadadedecisao",https://www.instagram.com/reel/DcwVUCmNqiu/,70,86,3,0,0,0,3,4.3,,,6.2,9.0,3,2026-09-14T12:17:21Z
2026-09-03,09:06,11.0,Carrossel,FEED,"Antes da Chilli Beans, Caito Maia já tinha vendido óculos. Comprou cerca de 200 unidades de um camelô na Califórnia, revendeu no Brasil e viu um pedido de 18 mil peças aparecer. Chegou a ter 250 clientes e as vendas dispararam.

Ele quebrou mesmo assim. Dois clientes grandes não pagaram e a operação inteira desmoronou. Tinha produto, tinha cliente, tinha volume. Só que faltava negócio de verdade.

A falência mudou a pergunta. Revender mais óculos podia fazê-lo crescer de novo, mas sem uma marca própria ele continuaria disputando produto, preço e margem para sempre. Em 1997, ele recomeçou com um estande no Mercado Mundo Mix, em São Paulo. Dessa vez não era sobre vender óculos. Era sobre construir uma marca.

O resto virou identidade: loja, quiosque, o jeito de pegar e experimentar o produto, moda, música, colaborações. A Chilli Beans faturou mais de R$ 1,4 bilhão em 2024.

Mas construir uma marca forte não é o fim da história. Em 2026, a mesma Chilli Beans enfrenta uma dívida que chegou a ser estimada em mais de R$ 600 milhões, e trocou parte do comando para negociar a reestruturação com os credores.

A marca que Caito construiu segue sendo o ativo mais valioso do negócio. Mas marca forte não substitui uma gestão de caixa e dívida bem feita. São duas competências diferentes, e as duas precisam existir juntas para o negócio durar.

Salve para reler sempre que lembrar que marca forte não substitui caixa saudável. E manda para aquele empreendedor que construiu uma marca incrível, mas trata a gestão financeira como departamento secundário.

Siga o Entre Gestores para acompanhar outros grandes exemplos de gestão.

Imagens de uso editorial/reprodução, direitos reservados aos respectivos detentores.",https://www.instagram.com/p/Dc0xfwRFm8L/,41,98,2,0,0,0,2,4.9,0,0,,,2,2026-09-14T12:17:21Z
2026-09-04,15:27,9.7,Reel,REELS,"Tem uma hora em que experiência e boa vontade deixam de ser suficientes. Você resolve problemas, mas eles voltam.

Trabalha muito, mas tem dificuldade para mostrar o impacto do que fez. E, nas decisões mais importantes, urgência e opinião ainda pesam mais do que critérios claros.

Esses sinais não significam que você é um gestor ruim. Significam que sua responsabilidade pode ter crescido mais rápido do que o seu método de gestão.

E é justamente aí que estudar gestão começa a fazer diferença. Quanto maior a responsabilidade, menos espaço existe para depender só do improviso.

Manda este vídeo para aquele gestor que já entrega muito, mas pode ganhar ainda mais clareza e método para decidir.

#gestao #gestores #liderança #tomadadedecisão #processos",https://www.instagram.com/reel/Dc4Bc5LuZun/,105,130,6,0,0,0,6,5.7,,,9.4,18.1,6,2026-09-14T12:17:21Z
2026-09-05,13:44,8.8,Reel,REELS,"Como aumentar as vendas?
Faça seu cliente te indicar e vender para você. 
@entregestores

#vendas #vendadecomida #gestãoempresarial #gestãocomercial #vendedor",https://www.instagram.com/reel/Dc6aQe9Ovud/,253,297,12,0,0,0,12,4.7,,,19.1,82.2,12,2026-09-14T12:17:21Z
2026-09-06,06:53,8.1,Reel,REELS,"Preciso me comunicar bem para ser um grande líder?
Algumas ferramentas podem te apoiar, mas uma coisa não garante a outra e às vezes pode até atrapalhar a longo prazo.

#liderança  #gestaoempresarial  #oratória  #comunicaçao",https://www.instagram.com/reel/Dc8QBmLNfkN/,143,162,2,0,1,0,3,2.1,,,11.2,27.1,3,2026-09-14T12:17:21Z
2026-09-07,19:14,13.6,Reel,REELS,"Uma boa ideia pode virar um negócio ruim quando a conta não fecha.

Como saber se uma empresa é viável antes de abrir?
Você precisa testar mercado, projetar custos e receitas, calcular o ponto de equilíbrio e estimar o capital de giro necessário para sustentar a operação. Esses são pontos centrais de um plano de negócio bem estruturado.

O exercício não elimina o risco. Ele mostra onde você está apostando sem informação suficiente.

Qual dessas áreas costuma ser mais negligenciada por quem começa: mercado, caixa ou recorrência?

Manda este vídeo para um empresário que está transformando uma ideia em negócio.

#planejamentodenegocios #gestaofinanceira #gestãoestratégica #gestaoempresarial #planodenegócios",https://www.instagram.com/reel/DdAJyGYvyKF/,219,255,8,0,0,2,10,4.6,,,10.1,38.1,10,2026-09-21T12:17:58Z
2026-09-06,22:42,14.4,Reel,REELS,"Um restaurante muito bom quase nunca é resultado só de uma boa cozinha. A experiência no @nomfrutosdomar me fez perceber quantas decisões de gestão estavam acontecendo ao mesmo tempo.

Como melhorar a gestão de um restaurante? 
Alinhando equipe, treinamento, experiência do cliente, presença digital e visão de futuro. Nesse caso, havia reunião com colaboradores, preparo do time, propósito claro, histórias no atendimento e preocupação em ser encontrado por quem pesquisa onde comer. Estratégias de SEO local e presença no Google ajudam justamente nessa descoberta. 

O mais interessante é quando tudo isso deixa de parecer um conjunto de iniciativas separadas e passa a funcionar como um sistema.

Na sua empresa, qual desses pontos ainda depende mais de improviso?
Manda este vídeo para um empresário que ainda associa boa gestão apenas a números.

#gestaoempresarial #experienciadocliente #gestaodepessoas #estrategiadenegocios #gestaodenegocios",https://www.instagram.com/reel/Dc98kSczsrz/,428,534,14,1,0,3,19,4.4,,,11.1,86.2,19,2026-09-21T12:17:58Z
2026-09-08,15:23,12.7,Reel,REELS,"Tem habilidade que fica invisível justamente porque você já faz bem demais.

Quando um líder busca “como identificar meus pontos fortes profissionais?”, vale observar também o histórico de entregas e os feedbacks que se repetem. Competências percebidas por outras pessoas podem revelar forças que a própria rotina tornou difíceis de notar.

Qual habilidade sua já virou referência para a equipe?

Manda este vídeo no direct para aquele líder que todo mundo procura quando precisa resolver um problema específico.

#pontosfortes #competenciasprofissionais #lideranca #gestores #gestaoempresarial",https://www.instagram.com/reel/DdCUWYATiZ3/,178,215,7,0,1,0,8,4.5,,,12.1,37.6,8,2026-09-21T12:17:58Z
2026-09-08,09:39,13.0,Carrossel,FEED,"Vender pro cliente errado custa mais caro do que não vender nada.

Muita gente pergunta por que vender pra qualquer cliente pode ser um erro de gestão numa pequena ou média empresa. A resposta é direta: quando você não filtra quem entra na sua empresa, o caos operacional se instala.

Vender pro perfil errado de cliente causa:
• Sobrecarga e desgaste da equipe com demandas fora do escopo.
• Corrosão da margem de lucro por desconto excessivo ou retrabalho.
• Menos tempo pra atender com excelência os bons clientes.
• Mais dependência de você pra resolver os ""pepinos"" que aparecem.

Sair do improviso exige processo e critério de qualificação antes de fechar a venda. Só assim dá pra crescer com previsibilidade e caixa no azul.

Manda esse carrossel pro sócio que comemora toda venda fechada, sem parar pra pensar se aquele cliente vai custar mais caro depois.

Sua empresa já perdeu tempo ou margem com um cliente que nunca devia ter entrado? Comenta aqui.

#clientecerto #donodeempresa #processocomercial #gestaoempresarial",https://www.instagram.com/p/DdBtMUmlmRU/,14,26,1,0,0,0,1,7.1,0,0,,,1,2026-09-21T12:17:58Z
2026-09-10,15:15,10.8,Reel,REELS,"​Como saber se sua empresa está crescendo ou apenas ficando mais ocupada? 
Um dos maiores sinais de alerta é viver resolvendo os mesmos problemas toda semana. 

​Para a empresa parar de depender de você em cada detalhe, siga o ciclo:
1️⃣ Planejar: Encontre a causa fundamental do erro.
2️⃣ Executar: Aplique a ação correta.
3️⃣ Checar: Monitore, pois somente o que é medido é gerenciado.
4️⃣ Agir: Padronize a nova rotina. 

​Qual gargalo ou problema insiste em voltar na sua rotina de gestão? Deixe nos comentários para conversarmos. 👇

​#gestaoempresarial #pdca #rotina #soluçãodeproblemas #lideranca",https://www.instagram.com/reel/DdHcz48gmZ5/,66,80,5,0,1,0,6,9.1,,,12.1,13.5,6,2026-09-21T12:17:58Z
2026-09-12,17:26,8.7,Reel,REELS,"Como separar as finanças pessoais das finanças da empresa? Comece identificando retiradas sem critério e despesas pessoais pagas pela PJ. Isso mostra onde PF e PJ ainda estão misturadas.

E aí: seu financeiro pessoal acompanha a organização da empresa?

Manda para um empresário que precisa fazer essa conta.

#prolabore #financaspessoais #donodeempresa #gestaofinanceira",https://www.instagram.com/reel/DdM1sK2v_xI/,80,95,5,0,0,0,5,6.2,,,11.9,16.3,5,2026-09-21T12:17:58Z
2026-09-13,15:06,14.8,Reel,Reels,"Talvez seu concorrente maior esteja deixando dinheiro na mesa.

Como competir com uma empresa maior? Procure demandas específicas que ela não atende bem porque não combinam com sua escala.

Pode ser um lote menor, uma customização ou uma necessidade de um nicho específico. Foi justamente nesse tipo de espaço que a Berna encontrou vantagem.

Que demanda os grandes do seu mercado deixam passar?

Manda no direct para o empresário que vive olhando o tamanho da concorrência.

#nichodemercado #vantagemcompetitiva #donodeempresa #empresario #estratégiaempresarial",https://www.instagram.com/reel/DdPKZSHN3H4/,76,97,5,0,0,0,5,6.6,,,17.1,23.08,5,2026-09-28T12:24:58Z
2026-09-14,21:46,13.5,Reel,Reels,"Roupa não é só tecido, é estratégia. 
🎯 O que a polêmica do look da Virgínia no GP de Madrid nos ensina sobre leitura de ambiente e posicionamento no mundo corporativo? Vem entender! 

#imagemprofissional #Carreira #GestaoDeImagem #virginia #posicionamentoprofissional",https://www.instagram.com/reel/DdSciZeupTE/,1995,2412,55,0,0,0,55,2.8,,,25.4,880.07,55,2026-09-28T12:24:58Z
2026-09-15,18:00,12.6,Reel,Reels,"O clássico caldo de cana levado a outro nível!
Esquece o copinho de plástico mole: olha como essa empresa inovou trazendo uma garrafa prática, moderna e que não derrama. Um exemplo perfeito de como repensar a embalagem pode transformar completamente a experiência de um produto tradicional e aumentar seu valor percebido. 
O que você achou dessa ideia?

#vendas #marketing #inovação #empreender #caldodecana",https://www.instagram.com/reel/DdUnx2Jvnrc/,153,191,5,0,0,1,6,3.9,,,8.8,23.69,6,2026-09-28T12:24:58Z
2026-09-15,18:13,12.6,Reel,Reels,"Crédito ao @sergiozimermanoficial por levantar esse ponto. A provocação é boa: quanto do imposto está realmente no seu preço?

Como saber se o preço de venda está correto? Custos, impostos e margem precisam fechar a conta sem depender do faturamento para esconder o problema.

Na sua empresa, essa conta está clara?

#formacaodepreco #precificacao #margemdelucro #donodeempresa #gestaoempresarial",https://www.instagram.com/reel/DdUpSzyvJn6/,149,189,9,2,1,2,14,9.4,,,16.8,45.96,14,2026-09-28T12:24:58Z
2026-09-16,09:33,12.0,Carrossel,Feed,"Desconto rápido demais pode ensinar o cliente a negociar sempre pela margem.
Além de revisar a condução da venda, vale definir regras comerciais antes da negociação acontecer. Margem mínima, limites de autonomia e possíveis contrapartidas ajudam o vendedor a não transformar cada objeção de preço em uma concessão automática.
Isso também dá mais segurança para o líder comercial acompanhar a negociação sem precisar decidir tudo caso a caso.
#gestaodevendas #negociacaocomercial #vendasb2b #donodeempresa",https://www.instagram.com/p/DdWS1oKFhak/,15,26,0,0,0,0,0,0.0,0,0,,,0,2026-09-28T12:24:58Z
2026-09-16,17:59,11.6,Reel,Reels,"O número chama atenção. Mas entender o que ele representa é muito mais útil.

Como funciona o Ibovespa? Ele é um índice calculado a partir de uma carteira teórica de ações e units, com critérios definidos pela B3. E tem um detalhe importante: essa composição não é permanente. Ela é reavaliada periodicamente.

Você já sabia que empresas podem entrar e sair do Ibovespa?

Manda esse vídeo para aquele empresário que acompanha o mercado, mas ainda se perde quando o assunto vira índice, pontos e Bolsa.

#ibovespa #mercadodeacoes #donodeempresa #mercadofinanceiro #gestaoempresarial",https://www.instagram.com/reel/DdXMn7UPSIm/,312,370,12,4,0,0,16,5.1,,,17.8,97.28,16,2026-09-28T12:24:58Z
2026-09-17,10:10,11.0,Reel,Reels,"Sua empresa vende bem, mas o caixa nunca parece acompanhar o faturamento?

Muita gente procura como fazer sobrar dinheiro na empresa achando que a solução começa vendendo mais. Antes disso, confira se você consegue separar com clareza três coisas: dinheiro da empresa, suas retiradas e despesas pessoais.

Quando tudo passa pelo mesmo caixa, fica muito mais difícil saber quanto a operação realmente consome e quanto o negócio está gerando.

#fluxodecaixa #controlefinanceiro #gestaofinanceira #donodeempresa #gestaoempresarial",https://www.instagram.com/reel/DdY70X1Rn7k/,133,182,9,0,2,0,12,9.0,,,15.5,40.94,12,2026-09-28T12:24:58Z
2026-09-17,17:37,10.7,Reel,Reels,"A IA pode executar uma arte bonita e ainda errar na comunicação.

Quando alguém busca como criar artes profissionais com IA, uma parte importante da resposta está no briefing: defina o objetivo da peça, escolha um ponto focal e deixe claro o que deve receber mais atenção.

Hierarquia visual, contraste e espaço negativo ajudam a conduzir o olhar em vez de fazer todos os elementos competirem ao mesmo tempo.

Na sua opinião, o que mais entrega uma arte mal resolvida?

Manda este vídeo para aquele empresário que já está usando IA para criar as artes da empresa.

#designcomia #hierarquiavisual #inteligenciaartificial #donodeempresa #gestaoempresarial",https://www.instagram.com/reel/DdZu-8ZPoef/,193,280,13,1,1,3,18,9.3,,,13.4,48.15,18,2026-09-28T12:24:58Z
2026-09-17,19:31,10.6,Reel,Reels,"De botina na siderurgia ou de salto no Fórum: o cenário muda, mas o respeito que a gente merece tem que ser exatamente o mesmo. 👷‍♀️👠

#mulheresnaengenharia #carreiras #mulheresempoderadas #empoderamrntofeminino #mulheresdenegocios",https://www.instagram.com/reel/DdZ7s3VsI_Y/,165,262,14,0,0,1,15,9.1,,,15.7,55.63,15,2026-09-28T12:24:58Z
2026-09-17,19:38,10.6,Reel,Reels,"A desorganização está roubando o tempo da sua equipe e o seu dinheiro?
Siga os passos que você verá resultados em poucas semanas:
1. Tire tudo que não é usado com frequência da área. 
2. Organize o que ficou.
3. Limpe toda a área. 
4. Desenhe e padronize como as coisas devem ficar e onde devem ficar.
5. Explique para todos os envolvidos os lugares de cada item e como o ambiente deve ser entregue no fim do expediente.

Não é mágica, é cultura japonesa!

#metodologia #5s #gestão #produtividadeemfoco #economia",https://www.instagram.com/reel/DdZ8Sm2BRa3/,178,228,5,2,0,1,8,4.5,,,10.4,33.88,8,2026-09-28T12:24:58Z
2026-09-19,12:18,8.9,Reel,Reels,"Tem salário que parece bom até você perceber quanto dele já está comprometido antes de cair na conta.

Como organizar a vida financeira para ter mais liberdade nas decisões de carreira? Comece medindo uma coisa simples: quanto do seu salário já tem destino obrigatório antes do mês começar. Esse número mostra melhor sua margem de escolha do que olhar apenas para quanto você ganha.

Hoje, qual pesa mais nas suas decisões: oportunidade ou necessidade financeira?

Manda esse vídeo praquele gestor que ganha bem, mas sente que o salário nunca dá a liberdade que deveria.

#organizacaofinanceira #financaspessoais #carreira #gestores #planejamentofinanceiro",https://www.instagram.com/reel/DdeUC1kJu4C/,108,146,5,2,0,0,7,6.5,,,13.5,26.03,7,2026-09-28T12:24:58Z
2026-09-20,12:05,14.9,Reel,Reels,"@entregestores 21 de setembro, Dia Nacional de Luta da Pessoa com Deficiência.

Esse vídeo compartilhado pelo @messinaoficial expõe algo que também acontece dentro das empresas: enxergar a deficiência antes de enxergar o profissional.

A contratação é apenas o começo. O processo seletivo precisa olhar para competências, oferecer condições de acessibilidade e permitir que esse profissional se desenvolva e cresça como qualquer outro colaborador.

A cota é uma conquista importante. Mas uma empresa realmente inclusiva não contrata uma deficiência para preencher uma vaga. Contrata uma pessoa, reconhece suas competências e cria condições para que ela entregue o seu potencial.

Quando você olha para um candidato com deficiência, o que enxerga primeiro?

Manda esse vídeo para um gestor que participa de decisões de contratação. Essa reflexão precisa chegar a quem abre as portas das empresas.

Créditos do vídeo: @messinaoficial .

#inclusaoprofissional #pessoacomdeficiencia #mercadodetrabalho #gestaodepessoas #lideranca",https://www.instagram.com/reel/Ddg26ZfBwVQ/,2627,2963,130,2,9,6,151,5.7,,,27.7,1199.3,151,2026-10-05T12:20:40Z
2026-09-20,11:45,14.9,Reel,Reels,"Parte 2. Michael Phelps começou a organizar o dinheiro quando a carreira ainda estava começando.

Ele contou que, ainda adolescente, aprendeu a separar recompensa de renda e começou a pensar no que faria com o dinheiro que ganhava. A experiência mudou até a forma como enxergava a própria carreira como profissão.

Como fazer um diagnóstico financeiro pessoal? Comece entendendo quais receitas são recorrentes e o que seus gastos estão financiando. Antes de mudar qualquer coisa, você precisa saber qual padrão está sustentando.

Se você fizesse esse diagnóstico hoje, o que acha que descobriria?

Manda essa Parte 2 praquele gestor que administra orçamento no trabalho, mas nunca analisou o próprio dinheiro desse jeito.

#diagnosticofinanceiro #organizacaofinanceira #financaspessoais #gestores #planejamentofinanceiro",https://www.instagram.com/reel/Ddg05hNvjTA/,165,188,7,0,0,1,8,4.8,,,6.0,16.86,8,2026-10-05T12:20:40Z
2026-09-21,17:06,13.7,Reel,Reels,"Gerenciar uma equipe de alta performance nos negócios é exatamente como comandar uma seleção de vôlei em quadra. 

Muitas vezes, a liderança foca apenas no placar final, mas o esporte nos ensina que o resultado é só a consequência de uma engrenagem rodando em sincronia.

É um ciclo contínuo: os dados mostram onde o processo falha, você realoca o tempo para treinar a competência e usa a gestão de pessoas para ajustar a rota sem perder o engajamento da equipe. Qual desses 4 pilares é o maior gargalo na sua operação hoje? Me conta aqui nos comentários!

#GestãoDeNegócios #Liderança #AltaPerformance #creatorsearchinsights #volei",https://www.instagram.com/reel/Ddj-OqmvXK6/,104,131,4,0,0,3,7,6.7,,,9.4,17.92,7,2026-10-05T12:20:40Z
2026-09-21,16:54,13.7,Reel,Reels,"Parte 3: o salário caiu, mas uma parte dele já tinha dono.

Imagine um gestor que recebe R$ 12 mil líquidos. Ele olha a conta e pensa que tem R$ 12 mil para organizar o mês. Só que R$ 3.200 já estão comprometidos com decisões que tomou meses atrás.

Como calcular o comprometimento da renda com dívidas? Compare o total das parcelas mensais com a sua renda líquida recorrente.

No caso dele, antes de pagar moradia, alimentação ou qualquer gasto do mês, mais de 26% da renda já estava comprometida.

Qual seria esse percentual no seu próximo salário?

#comprometimentoderenda #dividas #financaspessoais #gestores #planejamentofinanceiro",https://www.instagram.com/reel/Ddj9QVbv4vd/,92,120,3,0,1,0,4,4.3,,,6.2,9.79,4,2026-10-05T12:20:40Z
2026-09-21,12:15,13.9,Reel,Reels,"E se o problema não estiver apenas em quem contratamos, mas no que enxergamos primeiro?

Uma pessoa com deficiência não deveria precisar superar um rótulo antes de ter suas competências e seu potencial percebidos.

E existe outro ponto importante: nem todo mundo chega ao mercado com as mesmas oportunidades de formação, experiência e desenvolvimento. A empresa também é lugar de aprendizado.

É lugar de desenvolver competências, criar oportunidades e permitir que pessoas demonstrem aquilo que são capazes de construir.

Incluir não é contratar sem critérios, é garantir que a deficiência não se torne um filtro que impeça alguém de ter a oportunidade de aprender, se desenvolver e mostrar seu potencial.

Neste 21 de setembro, Dia Nacional de Luta da Pessoa com Deficiência, fica uma reflexão:

Quantos talentos ainda não enxergamos porque estamos olhando primeiro para a deficiência e só depois para a pessoa?

Crédito: @messinaoficial

#Inclusão #GestãoDePessoas #Liderança #gestāoempresarial #pessoacomdeficiencia",https://www.instagram.com/reel/DdjdIWwuaPh/,448,570,5,4,1,1,11,2.5,,,12.3,101.83,11,2026-10-05T12:20:40Z
2026-09-23,17:54,11.6,Reel,Reels,"O efeito Ozempic/Mounjaro chegou na Nestlé! 🍫📉
E no seu negócio? Já está sentindo este impacto?
Entenda como medicamentos como o Mounjaro estão forçando gigantes do mercado a mudarem suas estratégias e cortarem vagas. 

#Nestle #Mounjaro #Ozempic #estratégias #FoodService",https://www.instagram.com/reel/DdpMR8wzR7x/,2663,3052,71,5,1,8,86,3.2,,,17.1,786.04,86,2026-10-05T12:20:40Z
2026-09-24,11:12,10.9,Reel,Reels,"Aposto que isso já aconteceu com você, ou sendo cliente ou sendo o vendedor. 

Olhando de fora é engraçado, mas isso escancara um problema clássico: o padrão não pode depender do nível de cansaço da equipe no fim do turno.

#GestãoDeNegócios #processos #excelênciaoperacional #liderança #produção",https://www.instagram.com/reel/DdrBgBRBGk2/,2210,2523,75,0,2,9,86,3.9,,,19.0,700.51,86,2026-10-05T12:20:40Z
2026-09-25,12:50,9.9,Reel,Reels,"Você pode escolher as palavras certas e ainda passar a mensagem errada.

Como melhorar a oratória e a comunicação não verbal? Comece observando se expressão facial, postura, olhar e tom de voz estão coerentes com aquilo que você quer transmitir.

Um exercício simples: grave uma conversa ou apresentação e assista uma vez sem som. Repare no que seu corpo parece comunicar antes de analisar suas palavras.

Na sua carreira, qual situação mais exige cuidado com a forma como você se comunica?

Manda esse vídeo pra alguém que fala bem, mas ainda precisa prestar atenção no que comunica sem perceber.

#oratoria #comunicacaonaoverbal #linguagemcorporal #lideranca #desenvolvimentoprofissional",https://www.instagram.com/reel/Ddt0exFh-BU/,1965,2179,57,1,3,5,66,3.4,,,16.8,550.48,66,2026-10-05T12:20:40Z
2026-09-26,15:29,8.7,Reel,Reels,"Tem um detalhe no novo Resident Evil que pode passar despercebido no meio dos zumbis.

Bryan, personagem de Austin Abrams em Resident Evil, precisa atravessar Raccoon City para fazer uma entrega de suprimentos médicos. Uma tarefa aparentemente simples que vira uma sequência de obstáculos.

E é exatamente aí que o filme encontra um problema comum nas empresas.

Como saber se um processo está atrapalhando a produtividade? Observe quanto esforço extra uma pessoa precisa fazer para concluir uma tarefa que deveria ser simples.

Quando o funcionário precisa improvisar, buscar informação que deveria estar disponível, contornar falhas e resolver exceções o tempo todo, talvez você esteja avaliando a pessoa quando deveria avaliar o processo.

Qual tarefa simples vira uma verdadeira missão na sua empresa?


#residentevil #gestaodeprocessos #produtividade #donodeempresa #gestaoempresarial",https://www.instagram.com/reel/DdwrP91NpcA/,232,269,4,0,0,0,4,1.7,,,9.0,37.76,4,2026-10-05T12:20:40Z
